dn,outerDiameter,commonWallThickness,materialOptions,standard,application,remark
DN15,16,0.8|1,304|316L,GB/T 19228.2,薄壁不锈钢管道系统,mock 数据，选型和正式报价前需人工复核。
DN20,20,0.8|1,304|316L,GB/T 19228.2,薄壁不锈钢管道系统,mock 数据，选型和正式报价前需人工复核。
DN25,25.4,1|1.2,304|316L,GB/T 19228.2,薄壁不锈钢管道系统,mock 数据，选型和正式报价前需人工复核。
DN32,32,1|1.2,304|316L,GB/T 19228.2,薄壁不锈钢管道系统,mock 数据，选型和正式报价前需人工复核。
DN40,40,1.2|1.5,304|316L,GB/T 19228.2,薄壁不锈钢管道系统,mock 数据，选型和正式报价前需人工复核。
DN50,50.8,1.2|1.5,304|316L,GB/T 19228.2,薄壁不锈钢管道系统,mock 数据，选型和正式报价前需人工复核。
DN65,76.1,1.5|2,304|316L,GB/T 19228.2,薄壁不锈钢管道系统,mock 数据，选型和正式报价前需人工复核。
DN80,88.9,1.5|2,304|316L,GB/T 19228.2,薄壁不锈钢管道系统,mock 数据，选型和正式报价前需人工复核。
DN100,101.6,1.5|2,304|316L,GB/T 19228.2,薄壁不锈钢管道系统,mock 数据，选型和正式报价前需人工复核。
